"2026-08-13T21:00:00Z",38.84,-77.3,"WindBorne WeatherMesh","WeatherMesh",32.2,,45,2,316.5,1012.1,0,
"2026-08-13T21:00:00Z",36.85,-76.28,"WindBorne WeatherMesh","WeatherMesh",31.6,,54.1,2.1,109.8,1012.8,0,
"2026-08-13T23:00:00Z",36.85,-76.28,"WindBorne WeatherMesh","WeatherMesh",29.8,,62.4,2.2,121.1,1013.4,,
"2026-08-13T23:00:00Z",36.85,-76.28,"WindBorne WeatherMesh","WeatherMesh",29.8,,62.4,2.2,121.1,1013.4,,
"2026-08-13T23:00:00Z",36.85,-76.28,"WindBorne WeatherMesh","WeatherMesh",29.8,,62.4,2.2,121.1,1013.4,,
"2026-08-13T23:00:00Z",36.85,-76.28,"WindBorne WeatherMesh","WeatherMesh",29.8,,62.4,2.2,121.1,1013.4,,
"2026-08-13T23:00:00Z",36.85,-76.28,"WindBorne WeatherMesh","WeatherMesh",29.8,,62.4,2.2,121.1,1013.4,,
"2026-08-13T23:00:00Z",51.5074,-0.1278,"WindBorne WeatherMesh","WeatherMesh",22.8,,49,2.4,215.4,1018.4,,
"2026-08-13T23:00:00Z",51.5074,-0.1278,"WindBorne WeatherMesh","WeatherMesh",22.8,,49,2.4,215.4,1018.4,,
"2026-08-13T23:00:00Z",51.5074,-0.1278,"WindBorne WeatherMesh","WeatherMesh",22.8,,49,2.4,215.4,1018.4,,
"2026-08-13T23:00:00Z",36.85,-76.28,"WindBorne WeatherMesh","WeatherMesh",29.8,,62.4,2.2,121.1,1013.4,,
"2026-08-13T23:00:00Z",36.85,-76.28,"WindBorne WeatherMesh","WeatherMesh",29.9,,61.5,2.2,128,1013.5,,
"2026-08-13T23:00:00Z",36.85,-76.28,"WindBorne WeatherMesh","WeatherMesh",29.9,,61.5,2.2,128,1013.5,,
"2026-08-13T23:00:00Z",51.5074,-0.1278,"WindBorne WeatherMesh","WeatherMesh",22.7,,48.2,2.4,211.1,1018.5,,
"2026-08-13T23:00:00Z",51.5074,-0.1278,"WindBorne WeatherMesh","WeatherMesh",22.7,,48.2,2.4,211.1,1018.5,,
"2026-08-13T23:00:00Z",51.5074,-0.1278,"WindBorne WeatherMesh","WeatherMesh",22.7,,48.2,2.4,211.1,1018.5,,
"2026-08-13T23:00:00Z",36.85,-76.28,"WindBorne WeatherMesh","WeatherMesh",29.9,,61.5,2.2,128,1013.5,,
"2026-08-13T23:00:00Z",36.85,-76.28,"WindBorne WeatherMesh","WeatherMesh",29.9,,61.5,2.2,128,1013.5,,
"2026-08-13T23:00:00Z",51.5074,-0.1278,"WindBorne WeatherMesh","WeatherMesh",22.7,,48.2,2.4,211.1,1018.5,,
"2026-08-13T23:00:00Z",51.5074,-0.1278,"WindBorne WeatherMesh","WeatherMesh",22.7,,48.2,2.4,211.1,1018.5,,
"2026-08-13T23:00:00Z",51.5074,-0.1278,"WindBorne WeatherMesh","WeatherMesh",22.7,,48.2,2.4,211.1,1018.5,,
"2026-08-13T23:00:00Z",36.85,-76.28,"WindBorne WeatherMesh","WeatherMesh",29.9,,61.5,2.2,128,1013.5,,
"2026-08-13T23:00:00Z",36.85,-76.28,"WindBorne WeatherMesh","WeatherMesh",29.9,,61.5,2.2,128,1013.5,,
"2026-08-13T23:00:00Z",35.6769,139.7639,"WindBorne WeatherMesh","WeatherMesh",25,,89.4,3.3,25.5,1009.1,,
"2026-08-13T23:00:00Z",35.6769,139.7639,"WindBorne WeatherMesh","WeatherMesh",25,,89.4,3.3,25.5,1009.1,,
"2026-08-13T23:00:00Z",35.6769,139.7639,"WindBorne WeatherMesh","WeatherMesh",25,,89.4,3.3,25.5,1009.1,,
"2026-08-13T23:00:00Z",36.85,-76.28,"WindBorne WeatherMesh","WeatherMesh",29.9,,61.5,2.2,128,1013.5,,
"2026-08-14T02:00:00Z",36.85,-76.28,"WindBorne WeatherMesh","WeatherMesh",27.4,,71.9,2.3,145.1,1014.6,,
"2026-08-14T02:00:00Z",36.85,-76.28,"WindBorne WeatherMesh","WeatherMesh",27.4,,71.9,2.3,145.1,1014.6,,
"2026-08-14T02:00:00Z",36.85,-76.28,"WindBorne WeatherMesh","WeatherMesh",27.4,,71.9,2.3,145.1,1014.6,,
"2026-08-14T02:00:00Z",19.1953,73.0736,"WindBorne WeatherMesh","WeatherMesh",26.7,,91.6,3.5,233.6,1007.7,,
"2026-08-14T02:00:00Z",19.1953,73.0736,"WindBorne WeatherMesh","WeatherMesh",26.7,,91.6,3.5,233.6,1007.7,,
"2026-08-14T02:00:00Z",19.1953,73.0736,"WindBorne WeatherMesh","WeatherMesh",26.7,,91.6,3.5,233.6,1007.7,,
"2026-08-14T02:00:00Z",36.85,-76.28,"WindBorne WeatherMesh","WeatherMesh",27.4,,71.9,2.3,145.1,1014.6,,
"2026-08-14T02:00:00Z",36.85,-76.28,"WindBorne WeatherMesh","WeatherMesh",27.4,,71.9,2.3,145.1,1014.6,,
"2026-08-14T02:00:00Z",38.8462,-77.3064,"WindBorne WeatherMesh","WeatherMesh",27.9,,61.4,1.3,32.5,1014,,
"2026-08-14T02:00:00Z",38.8462,-77.3064,"WindBorne WeatherMesh","WeatherMesh",27.9,,61.4,1.3,32.5,1014,,
"2026-08-14T02:00:00Z",38.8462,-77.3064,"WindBorne WeatherMesh","WeatherMesh",27.9,,61.4,1.3,32.5,1014,,
"2026-08-14T02:00:00Z",36.85,-76.28,"WindBorne WeatherMesh","WeatherMesh",27.4,,71.9,2.3,145.1,1014.6,,
"2026-08-14T02:00:00Z",36.85,-76.28,"WindBorne WeatherMesh","WeatherMesh",27.4,,71.9,2.3,145.1,1014.6,,
"2026-08-14T02:00:00Z",36.85,-76.28,"WindBorne WeatherMesh","WeatherMesh",27.4,,71.9,2.3,145.1,1014.6,,
"2026-08-14T03:00:00Z",36.85,-76.28,"WindBorne WeatherMesh","WeatherMesh",26.9,,74,2.4,155.4,1014.9,0,
"2026-08-14T03:00:00Z",36.85,-76.28,"WindBorne WeatherMesh","WeatherMesh",26.9,,74.1,2.4,155.4,1015,0,
"2026-08-14T03:00:00Z",36.85,-76.28,"WindBorne WeatherMesh","WeatherMesh",26.9,,74.1,2.4,155.4,1015,0,
"2026-08-14T03:00:00Z",19.2397,73.1366,"WindBorne WeatherMesh","WeatherMesh",26.6,,91.9,3.5,232.4,1008.2,1,
"2026-08-14T03:00:00Z",19.2397,73.1366,"WindBorne WeatherMesh","WeatherMesh",26.6,,91.9,3.5,232.4,1008.2,1,
"2026-08-14T03:00:00Z",19.2397,73.1366,"WindBorne WeatherMesh","WeatherMesh",26.6,,91.9,3.5,232.4,1008.2,1,
"2026-08-14T03:00:00Z",36.85,-76.28,"WindBorne WeatherMesh","WeatherMesh",26.9,,74.1,2.4,155.4,1015,0,
"2026-08-14T03:00:00Z",35.7325,-78.8506,"WindBorne WeatherMesh","WeatherMesh",27.4,,76.8,1.7,245.7,1015.2,0,
"2026-08-14T03:00:00Z",35.7325,-78.8506,"WindBorne WeatherMesh","WeatherMesh",27.4,,76.8,1.7,245.7,1015.2,0,
"2026-08-14T03:00:00Z",35.7325,-78.8506,"WindBorne WeatherMesh","WeatherMesh",27.4,,76.8,1.7,245.7,1015.2,0,
"2026-08-14T20:00:00Z",36.85,-76.28,"WindBorne WeatherMesh","WeatherMesh",33.1,,57,2.3,263.3,1015.6,,
"2026-08-14T20:00:00Z",36.85,-76.28,"WindBorne WeatherMesh","WeatherMesh",33.1,,57,2.3,263.3,1015.6,,
"2026-08-14T20:00:00Z",38.8462,-77.3064,"WindBorne WeatherMesh","WeatherMesh",27.1,,75.7,1.1,358.6,1016.7,,
"2026-08-14T20:00:00Z",38.8462,-77.3064,"WindBorne WeatherMesh","WeatherMesh",27.1,,75.7,1.1,358.6,1016.7,,
"2026-08-14T20:00:00Z",38.8462,-77.3064,"WindBorne WeatherMesh","WeatherMesh",27.1,,75.7,1.1,358.6,1016.7,,
"2026-08-14T20:00:00Z",38.8462,-77.3064,"WindBorne WeatherMesh","WeatherMesh",27.1,,75.7,1.1,358.6,1016.7,,
"2026-08-14T20:00:00Z",38.8462,-77.3064,"WindBorne WeatherMesh","WeatherMesh",27.1,,75.7,1.1,358.6,1016.7,,
"2026-08-14T20:00:00Z",38.8462,-77.3064,"WindBorne WeatherMesh","WeatherMesh",27.1,,75.7,1.1,358.6,1016.7,,
"2026-08-14T20:00:00Z",36.85,-76.28,"WindBorne WeatherMesh","WeatherMesh",33.1,,57,2.3,263.3,1015.6,,
"2026-08-14T20:00:00Z",36.85,-76.28,"WindBorne WeatherMesh","WeatherMesh",32.8,,58,2.3,266.8,1015.9,,
"2026-08-14T20:00:00Z",36.85,-76.28,"WindBorne WeatherMesh","WeatherMesh",33.1,,56.9,2.3,263.3,1015.6,,
"2026-08-14T20:00:00Z",38.8462,-77.3064,"WindBorne WeatherMesh","WeatherMesh",27.1,,75.7,1.1,358.6,1016.7,,
"2026-08-14T20:00:00Z",38.8462,-77.3064,"WindBorne WeatherMesh","WeatherMesh",27.1,,75.7,1.1,358.6,1016.7,,
"2026-08-14T20:00:00Z",38.8462,-77.3064,"WindBorne WeatherMesh","WeatherMesh",27.1,,75.7,1.1,358.6,1016.7,,
"2026-08-14T20:00:00Z",36.85,-76.28,"WindBorne WeatherMesh","WeatherMesh",33.1,,56.9,2.3,263.3,1015.6,,
"2026-08-14T20:15",38.84,-77.3,"Open-Meteo (Fallback)","open-meteo-v1",27.1,30.3,70,8.8,289,1000.4,0,67
"2026-08-14T20:00:00Z",19.1953,73.0736,"WindBorne WeatherMesh","WeatherMesh",26.2,,93.1,3.2,233.9,1008.3,,
"2026-08-14T20:00:00Z",19.1953,73.0736,"WindBorne WeatherMesh","WeatherMesh",26.2,,93.1,3.2,233.9,1008.3,,
"2026-08-14T20:00:00Z",19.1953,73.0736,"WindBorne WeatherMesh","WeatherMesh",26.2,,93.1,3.2,233.9,1008.3,,
"2026-08-14T20:00:00Z",36.85,-76.28,"WindBorne WeatherMesh","WeatherMesh",33.1,,56.9,2.3,263.3,1015.6,,
